xlefthand, ylefthand, zlefthand, xRightHand, yRightHand, zRightHand, xLeftElbow, yLeftElbow, zLeftElbow, xRightElbow, yRightElbow, zRightElbow, xLeftshoulder, yLeftshoulder, zLeftshoulder, xRightshoulder, yRightshoulder, zRightshoulder, xSpine, ySpine, zSpine, xHipcenter, yHipcenter, zHipcenter
-0.4628725, -0.05000195, 2.1736, 0.4072918, 0.01216959, 2.173834, -0.3084566, -0.2897272, 2.252605, 0.3150814, -0.2743075, 2.261725, -0.1647097, -0.05218137, 2.191886, 0.1511586, -0.04511704, 2.19038, 0.007002112, -0.2487234, 2.118267, 0.007817474, -0.2884045, 2.048805
-0.5350851, -0.06909715, 2.1757, 0.4314643, -0.03931103, 2.179481, -0.2931913, -0.2978996, 2.253944, 0.3018823, -0.2804289, 2.260796, -0.1648994, -0.05220053, 2.192828, 0.151586, -0.04533281, 2.190839, 0.006543136, -0.2488344, 2.118091, 0.007161512, -0.2883764, 2.048547
-0.5590525, -0.1111787, 2.18715, 0.4550666, -0.03035328, 2.176348, -0.2870952, -0.3026628, 2.252592, 0.2891511, -0.2868869, 2.258982, -0.1646547, -0.05242591, 2.19399, 0.1514635, -0.04561077, 2.19149, 0.005924831, -0.2499291, 2.11651, 0.006274411, -0.2896352, 2.046184
-0.5923082, -0.185238, 2.206064, 0.4966159, -0.05008652, 2.174455, -0.2845743, -0.3046656, 2.254732, 0.2790699, -0.2958327, 2.256777, -0.1654197, -0.05265978, 2.197119, 0.150779, -0.04731876, 2.19218, 0.003471809, -0.2573634, 2.111552, 0.002888941, -0.2980115, 2.039403
-0.5596081, -0.164031, 2.181838, 0.4967731, -0.05224654, 2.17306, -0.2842647, -0.3052787, 2.25532, 0.2775568, -0.2984514, 2.256806, -0.1646879, -0.05297294, 2.197493, 0.1503353, -0.04855271, 2.193123, 0.002838734, -0.2586745, 2.111005, 0.002384768, -0.299131, 2.038765
-0.5678727, -0.1360998, 2.172931, 0.4962543, -0.05422389, 2.171683, -0.2848275, -0.3069521, 2.255988, 0.2774893, -0.302099, 2.257791, -0.164416, -0.05336606, 2.197665, 0.150316, -0.0498787, 2.195561, 0.002079029, -0.2602825, 2.110818, 0.002158107, -0.3007681, 2.038409
-0.512549, -0.09577493, 2.168456, 0.4723513, -0.002999894, 2.170481, -0.3166226, -0.3040591, 2.254227, 0.3059428, -0.2930986, 2.255038, -0.1642353, -0.0536592, 2.19743, 0.1505917, -0.05067503, 2.196797, -0.000363849, -0.2584603, 2.113868, -0.0006182115, -0.2978806, 2.042496
-0.5176797, -0.04109979, 2.167078, 0.4668708, 0.0168671, 2.168258, -0.3422111, -0.2755414, 2.244659, 0.3504818, -0.2627099, 2.244513, -0.1627159, -0.05404188, 2.196645, 0.1581191, -0.05407612, 2.20548, -0.004272637, -0.2561536, 2.117626, -0.003485566, -0.2948277, 2.046972
-0.5201178, 0.03881803, 2.162529, 0.4792622, 0.07844314, 2.167263, -0.361024, -0.2604506, 2.235792, 0.3986464, -0.1999041, 2.222039, -0.1627675, -0.05443529, 2.196555, 0.1588262, -0.05449309, 2.205919, -0.008599591, -0.2582981, 2.117948, -0.008660248, -0.297054, 2.046836
-0.5160125, 0.1235038, 2.159308, 0.4762706, 0.1389402, 2.161882, -0.4192649, -0.1939334, 2.207363, 0.4208466, -0.1398712, 2.208031, -0.1701023, -0.05067674, 2.206488, 0.1636201, -0.05293976, 2.209806, -0.00992712, -0.2558658, 2.120687, -0.01086408, -0.2938501, 2.049611
-0.475561, 0.2187736, 2.177096, 0.5092478, 0.2315691, 2.177276, -0.4414374, -0.1287245, 2.195605, 0.4323398, -0.08298448, 2.20197, -0.2091065, -0.04994639, 2.224774, 0.1765632, -0.04897413, 2.216259, -0.01092201, -0.2467124, 2.127637, -0.01397795, -0.2821472, 2.057567
-0.4300838, 0.3166917, 2.189975, 0.435049, 0.3287223, 2.183132, -0.4651355, -0.04068283, 2.181435, 0.4567429, -0.003366877, 2.191317, -0.2207598, -0.04458636, 2.225976, 0.1871795, -0.04162719, 2.219813, -0.0120153, -0.2337598, 2.136075, -0.01518004, -0.2676178, 2.067001
-0.4069819, 0.382743, 2.197132, 0.3326045, 0.423347, 2.193702, -0.4789758, 0.05655723, 2.166215, 0.4523399, 0.05689462, 2.184459, -0.2224404, -0.03568136, 2.221033, 0.1981345, -0.02697339, 2.221989, -0.01022912, -0.2247571, 2.142402, -0.01202214, -0.2578803, 2.074618
-0.340863, 0.4457108, 2.211339, 0.2958856, 0.4779243, 2.213902, -0.4532937, 0.1338064, 2.16502, 0.4342238, 0.1381867, 2.173589, -0.2307367, -0.008786906, 2.216118, 0.2013365, -0.01123591, 2.219531, -0.01101435, -0.2177339, 2.145391, -0.0118333, -0.2513692, 2.077898
-0.3127055, 0.4741531, 2.21238, 0.2764611, 0.5024149, 2.214422, -0.4268425, 0.1607296, 2.163774, 0.40165, 0.1967987, 2.170713, -0.2243095, 0.01183111, 2.210749, 0.1993973, 0.009247264, 2.216593, -0.01145431, -0.2096609, 2.147749, -0.01114831, -0.2437242, 2.080579
-0.2125511, 0.5756801, 2.241662, 0.2682684, 0.5451021, 2.219715, -0.3823398, 0.2252329, 2.16449, 0.3573627, 0.2356588, 2.170773, -0.2242409, 0.04814998, 2.213375, 0.1939397, 0.02279422, 2.215462, -0.011644, -0.1977399, 2.148973, -0.009921439, -0.2301178, 2.082891
-0.2119701, 0.5731659, 2.239151, 0.2009911, 0.5641496, 2.23411, -0.3408567, 0.2566314, 2.162125, 0.340116, 0.2687406, 2.166417, -0.2188018, 0.05465399, 2.212934, 0.1882767, 0.04822017, 2.221773, -0.00969522, -0.1868799, 2.147742, -0.007526293, -0.2171805, 2.082318
-0.1755501, 0.6041887, 2.242566, 0.1642896, 0.5878927, 2.251343, -0.3189397, 0.2732977, 2.155208, 0.3208635, 0.2827942, 2.165736, -0.2122171, 0.06587536, 2.216359, 0.1875125, 0.07683662, 2.226517, -0.005751994, -0.1691317, 2.146614, -0.003985454, -0.1984897, 2.080968
-0.09002411, 0.6817436, 2.266603, 0.1229608, 0.6291799, 2.262401, -0.2178138, 0.3478304, 2.194987, 0.2264047, 0.3202426, 2.202297, -0.1959978, 0.1145369, 2.220356, 0.1869374, 0.0777541, 2.226836, -0.007480582, -0.1593528, 2.146877, -0.00272533, -0.1873283, 2.08168
-0.1029204, 0.6573075, 2.259955, 0.153654, 0.5483017, 2.235633, -0.2830824, 0.3289493, 2.151636, 0.2873886, 0.2902972, 2.166615, -0.1954304, 0.1180075, 2.221212, 0.1881216, 0.08289958, 2.231558, -0.004062912, -0.1401126, 2.152812, 0.0001535949, -0.1634972, 2.090082
-0.09695536, 0.6523318, 2.258383, 0.1475393, 0.5544864, 2.236692, -0.2738932, 0.3247708, 2.155879, 0.2767122, 0.2942198, 2.167661, -0.1955024, 0.1111217, 2.222601, 0.1840963, 0.08601299, 2.234644, -0.002883123, -0.1380413, 2.15366, 0.001153832, -0.1624261, 2.09073
-0.05343232, 0.6990786, 2.271606, 0.1294652, 0.5531204, 2.225003, -0.1946202, 0.335178, 2.198613, 0.2714218, 0.2966898, 2.167779, -0.1905544, 0.1051962, 2.224321, 0.1819223, 0.08941326, 2.237072, -0.0002640709, -0.136152, 2.156427, 0.003206727, -0.1610314, 2.093356
-0.05007153, 0.6984929, 2.270644, 0.1349653, 0.5484978, 2.226985, -0.1920195, 0.328722, 2.198107, 0.2706514, 0.2951961, 2.167975, -0.1844426, 0.09433551, 2.223973, 0.1816249, 0.08912149, 2.238084, 0.002052424, -0.1413362, 2.154719, 0.005322299, -0.1697606, 2.090392
-0.05022823, 0.6904813, 2.268204, 0.1411252, 0.5515494, 2.226098, -0.1929564, 0.3274305, 2.197859, 0.2767521, 0.2971664, 2.1674, -0.185934, 0.09208316, 2.223901, 0.1830503, 0.08881276, 2.238707, 0.002199423, -0.143033, 2.154495, 0.005338758, -0.1713978, 2.090112
-0.05728902, 0.6748297, 2.265197, 0.1052122, 0.6163042, 2.232108, -0.202543, 0.3201731, 2.197737, 0.2173355, 0.3164489, 2.197591, -0.1900499, 0.08605017, 2.223754, 0.1855483, 0.07921983, 2.237478, 0.001850537, -0.1475087, 2.154199, 0.00437061, -0.17791, 2.089279
-0.1046406, 0.5968798, 2.23938, 0.1203879, 0.5807037, 2.21119, -0.2993183, 0.2860226, 2.164944, 0.3192018, 0.2681651, 2.166312, -0.198111, 0.07168131, 2.222339, 0.1895264, 0.06862442, 2.235145, -0.002112423, -0.1597656, 2.152849, -0.002039402, -0.1948216, 2.087009
-0.1434082, 0.5454777, 2.230322, 0.1494164, 0.5566756, 2.212412, -0.3446825, 0.2362122, 2.172118, 0.3377088, 0.2370161, 2.167679, -0.2008802, 0.05711887, 2.21977, 0.192137, 0.0581039, 2.23291, -0.001844548, -0.1703819, 2.15012, -0.001587126, -0.2054651, 2.083474
-0.2288278, 0.4720143, 2.231677, 0.1734259, 0.525785, 2.215666, -0.3797796, 0.2003894, 2.171984, 0.3700723, 0.2125975, 2.169892, -0.2011069, 0.04825208, 2.216293, 0.2010186, 0.03606738, 2.228385, -0.004189504, -0.1797257, 2.146305, -0.003674894, -0.2173129, 2.07868
-0.1798552, 0.5287315, 2.236362, 0.2420837, 0.4329235, 2.198577, -0.3048739, 0.2345602, 2.197659, 0.4067387, 0.161568, 2.171746, -0.2034222, 0.03581038, 2.21302, 0.1992134, 0.03109955, 2.222962, -0.007021096, -0.1888897, 2.142466, -0.0076065, -0.2266043, 2.074376
-0.3413022, 0.3694142, 2.223918, 0.2813379, 0.3821692, 2.196358, -0.4252795, 0.07415186, 2.179115, 0.4176166, 0.1044013, 2.178205, -0.2089853, 0.02377916, 2.211959, 0.1988596, 0.02623914, 2.216676, -0.00572688, -0.1922298, 2.140962, -0.007398013, -0.2295975, 2.072904
-0.3461296, 0.3409667, 2.216447, 0.33813, 0.3310472, 2.208607, -0.4313038, 0.04575936, 2.184516, 0.4265642, 0.04465716, 2.182615, -0.204937, 0.001037064, 2.201992, 0.1926307, 0.01943678, 2.208542, -0.002272466, -0.20515, 2.134654, -0.004934448, -0.2456324, 2.064474
-0.3552431, 0.3394122, 2.208756, 0.3014892, 0.3371533, 2.215507, -0.438624, 0.03726145, 2.202951, 0.4277783, -0.005677406, 2.193695, -0.197724, -0.008910464, 2.194939, 0.1831896, 0.008195373, 2.195825, 0.001798757, -0.2190823, 2.128227, -0.001309426, -0.2620453, 2.057022
-0.3932134, 0.2868526, 2.189071, 0.2806986, 0.3151169, 2.219984, -0.443145, -0.07774884, 2.217917, 0.4196179, -0.05742748, 2.207416, -0.1907866, -0.02281829, 2.18454, 0.1812012, 9.807618E-05, 2.19046, 0.004702317, -0.2284118, 2.123505, 0.002167253, -0.2721664, 2.052115
-0.4129087, 0.2231477, 2.182886, 0.327184, 0.2478079, 2.236749, -0.4410542, -0.1420445, 2.23099, 0.4087555, -0.1072657, 2.226357, -0.1861779, -0.03169131, 2.180644, 0.1842695, -0.0183285, 2.190952, 0.002585784, -0.236508, 2.11868, 0.001340021, -0.2806621, 2.047438
-0.4535064, 0.1374548, 2.167813, 0.344366, 0.1712897, 2.224004, -0.4056487, -0.2153615, 2.25063, 0.4011457, -0.1868923, 2.25014, -0.1818029, -0.0406668, 2.181851, 0.1763736, -0.03142066, 2.189484, 0.001901429, -0.2451147, 2.113733, 0.001141248, -0.2900807, 2.042245
-0.472319, 0.06279709, 2.171316, 0.3327545, 0.09303448, 2.210487, -0.3790804, -0.2497028, 2.259285, 0.3429745, -0.2444677, 2.268771, -0.2008567, -0.05792468, 2.214006, 0.1574705, -0.0325154, 2.18696, 0.007378642, -0.246478, 2.113525, 0.001700738, -0.2910391, 2.0424
-0.4892516, 8.520363E-05, 2.18186, 0.4164758, 0.05746394, 2.22245, -0.3577499, -0.2662055, 2.263985, 0.3392504, -0.245516, 2.272505, -0.2013629, -0.05851141, 2.218641, 0.1535709, -0.03335594, 2.18855, 0.007421484, -0.2478377, 2.113779, 0.001492248, -0.2918533, 2.042685
-0.5038338, -0.06140023, 2.189602, 0.4276517, 0.02143665, 2.217936, -0.3278702, -0.2850627, 2.269592, 0.3215539, -0.2576368, 2.278564, -0.2021502, -0.0675882, 2.224334, 0.1504482, -0.03491335, 2.18998, 0.008391719, -0.2490029, 2.113627, 0.001548039, -0.2927812, 2.042578
-0.5560948, -0.1033851, 2.204949, 0.4717266, -0.01076526, 2.220148, -0.305162, -0.2967093, 2.26316, 0.2976304, -0.2741873, 2.280381, -0.1954782, -0.07471515, 2.218786, 0.1488516, -0.03523043, 2.191845, 0.007626232, -0.2494892, 2.113584, 0.001246071, -0.2929049, 2.042485
-0.5613444, -0.1412645, 2.207891, 0.4678174, -0.052394, 2.228355, -0.2911297, -0.3053107, 2.263494, 0.2841782, -0.2814124, 2.28005, -0.1548471, -0.05276499, 2.192029, 0.1463794, -0.0363394, 2.192872, 0.001862965, -0.2536719, 2.11158, 0.0007250663, -0.2970192, 2.039412
-0.5134937, -0.2011669, 2.206284, 0.5045066, -0.07573261, 2.216758, -0.2888421, -0.3074062, 2.263893, 0.2782008, -0.2855053, 2.276487, -0.1591507, -0.04989639, 2.199048, 0.1441041, -0.0373349, 2.193765, 0.002479434, -0.2540003, 2.11156, 0.0008465904, -0.2971709, 2.03934
-0.5802815, -0.2062725, 2.187369, 0.5016342, -0.08280139, 2.217533, -0.2889436, -0.3076166, 2.263882, 0.2716406, -0.2906509, 2.271464, -0.1601106, -0.0503707, 2.199621, 0.1414671, -0.0392772, 2.193587, 0.001400234, -0.2557271, 2.11086, -0.0001723935, -0.2986334, 2.038399
-0.5255097, -0.205869, 2.17193, 0.501156, -0.08706091, 2.209368, -0.2892087, -0.3075526, 2.261019, 0.2689294, -0.2932472, 2.267797, -0.160061, -0.05038752, 2.19957, 0.1402372, -0.04030991, 2.194177, 0.0004944612, -0.2575751, 2.110342, -0.0008457166, -0.3006344, 2.037438
-0.5321199, -0.1684737, 2.147237, 0.5026157, -0.07303403, 2.194682, -0.2959982, -0.3051403, 2.255176, 0.2836347, -0.2895288, 2.258566, -0.1600804, -0.05052394, 2.199262, 0.1397218, -0.04200566, 2.194923, -0.00227778, -0.2604344, 2.110926, -0.003595734, -0.3039376, 2.037719
-0.5363989, -0.09940806, 2.133814, 0.4877999, 0.001938862, 2.188378, -0.3257241, -0.2889634, 2.239229, 0.3118204, -0.2754475, 2.24885, -0.1573917, -0.0514736, 2.194608, 0.1400744, -0.04292503, 2.196351, -0.005930032, -0.2636351, 2.111918, -0.007046827, -0.3078134, 2.038399
-0.5380465, -0.01724979, 2.135473, 0.4994538, 0.08960574, 2.188878, -0.3433146, -0.2745419, 2.23023, 0.3626416, -0.2294918, 2.227809, -0.1556886, -0.05083995, 2.192943, 0.1362931, -0.04266965, 2.198003, -0.009420358, -0.2664158, 2.112022, -0.01034721, -0.3108647, 2.038185
-0.5213947, 0.05774977, 2.133832, 0.4844546, 0.1247371, 2.183756, -0.3986096, -0.224527, 2.211408, 0.400345, -0.1774193, 2.218748, -0.1579492, -0.05104528, 2.194073, 0.1461343, -0.04632463, 2.203252, -0.01293537, -0.2649671, 2.113791, -0.01356662, -0.3083548, 2.040276
-0.4939254, 0.1789867, 2.143134, 0.4896153, 0.1830771, 2.186881, -0.4428759, -0.1644613, 2.196123, 0.4206307, -0.1122041, 2.209822, -0.2035139, -0.06029256, 2.21339, 0.1541406, -0.04549448, 2.207606, -0.01425177, -0.259521, 2.117064, -0.01821865, -0.2989351, 2.045005
-0.4329744, 0.3031529, 2.160466, 0.4567469, 0.2438118, 2.1943, -0.457672, -0.07801418, 2.188001, 0.4320366, -0.05680613, 2.207059, -0.2156588, -0.05026929, 2.22049, 0.1561642, -0.04115472, 2.210346, -0.01538829, -0.2502612, 2.122869, -0.01921522, -0.2884562, 2.051096
-0.3760391, 0.3571609, 2.174984, 0.3275269, 0.3923188, 2.207181, -0.4758054, 0.0323772, 2.172098, 0.436377, 0.01927173, 2.200795, -0.2293864, -0.04223973, 2.221347, 0.1739788, -0.03278468, 2.213857, -0.01709289, -0.2361179, 2.130754, -0.02029591, -0.2718626, 2.060936
-0.3032791, 0.4214017, 2.209143, 0.3238724, 0.4231366, 2.217976, -0.4656863, 0.06762943, 2.170227, 0.4595962, 0.1298979, 2.190812, -0.2317252, -0.02897461, 2.217667, 0.1962518, -0.01219467, 2.220406, -0.01740886, -0.2274641, 2.135543, -0.01972841, -0.2613572, 2.067226
-0.2651282, 0.4715731, 2.232178, 0.2958977, 0.4481136, 2.219793, -0.436874, 0.1529547, 2.165828, 0.4209377, 0.1657746, 2.18206, -0.235769, -0.003242532, 2.214103, 0.1992139, -0.000745595, 2.219492, -0.01799961, -0.21502, 2.141309, -0.01850813, -0.2479616, 2.073782
-0.2695531, 0.4627071, 2.216764, 0.2202048, 0.501489, 2.239269, -0.4088976, 0.1814959, 2.168036, 0.3850167, 0.2068298, 2.178365, -0.2248358, 0.0314946, 2.205826, 0.2103192, 0.03484527, 2.22716, -0.0156837, -0.1966408, 2.150813, -0.01323353, -0.2288673, 2.084696
-0.2125922, 0.495382, 2.230599, 0.2205081, 0.5078473, 2.242014, -0.3709901, 0.2311575, 2.167521, 0.3488885, 0.2336293, 2.173489, -0.2251996, 0.04269447, 2.209374, 0.2032208, 0.04001942, 2.22406, -0.01417421, -0.1879091, 2.152517, -0.01209433, -0.2197811, 2.086591
-0.1242604, 0.5643122, 2.273081, 0.1157493, 0.5579826, 2.265375, -0.3247962, 0.2743391, 2.16887, 0.3269017, 0.2806049, 2.168897, -0.2184135, 0.05567183, 2.213952, 0.1980533, 0.04752544, 2.22528, -0.009116714, -0.1770108, 2.153057, -0.008437574, -0.2082136, 2.086741
-0.1239777, 0.5642418, 2.272048, 0.1500415, 0.5027393, 2.236093, -0.3112451, 0.2855306, 2.167536, 0.3185985, 0.2860081, 2.165481, -0.2045727, 0.06150719, 2.217697, 0.1897018, 0.05976596, 2.227664, -0.004337035, -0.1684058, 2.151112, -0.003223144, -0.196796, 2.084402
-0.1187946, 0.56407, 2.272293, 0.1331582, 0.5203145, 2.239644, -0.2892771, 0.2878675, 2.167445, 0.2850381, 0.2958252, 2.167196, -0.1912926, 0.07607198, 2.225292, 0.1815575, 0.0891525, 2.238634, -0.004827681, -0.1514387, 2.154355, -0.004359955, -0.1765601, 2.088514
-0.06541175, 0.5866233, 2.304123, 0.129572, 0.5256044, 2.240775, -0.1968697, 0.3058317, 2.214417, 0.2726717, 0.2970021, 2.170047, -0.1888815, 0.07797857, 2.225334, 0.1764957, 0.08981063, 2.242497, -0.00629342, -0.1507673, 2.154182, -0.004978448, -0.1754088, 2.088546
-0.06576072, 0.600236, 2.315929, 0.1267768, 0.5296782, 2.246222, -0.199109, 0.3124091, 2.217105, 0.2700655, 0.2958208, 2.171154, -0.2003452, 0.08911473, 2.226792, 0.1773255, 0.08947934, 2.243386, -0.01124105, -0.1482956, 2.154739, -0.007999231, -0.1728349, 2.089629
-0.07641792, 0.5978138, 2.333665, 0.1332987, 0.5646223, 2.277299, -0.2016016, 0.3113127, 2.22268, 0.2698633, 0.2964435, 2.173772, -0.2002761, 0.08881637, 2.227658, 0.1789328, 0.08829146, 2.245353, -0.011449, -0.1482619, 2.154788, -0.008149564, -0.1729023, 2.089778
-0.122247, 0.577116, 2.31701, 0.1321489, 0.5642754, 2.287636, -0.2791073, 0.2898501, 2.172664, 0.2808001, 0.3016922, 2.182055, -0.1999447, 0.08688234, 2.228273, 0.1789387, 0.08615101, 2.248199, -0.01175562, -0.1502506, 2.154794, -0.008446094, -0.1754754, 2.089758
-0.1341018, 0.5797356, 2.327298, 0.1130851, 0.5824876, 2.312292, -0.3041141, 0.279422, 2.179951, 0.3040244, 0.2868223, 2.195416, -0.2041053, 0.06870015, 2.229962, 0.1750431, 0.06208428, 2.242637, -0.01038566, -0.1590541, 2.152017, -0.008355226, -0.1895319, 2.085797
-0.1841882, 0.5186346, 2.32744, 0.1109749, 0.5721663, 2.319132, -0.3503071, 0.2318638, 2.189134, 0.3246855, 0.2800849, 2.205808, -0.2084928, 0.0627275, 2.23108, 0.1780539, 0.05585027, 2.241169, -0.01012931, -0.1632643, 2.151696, -0.008421085, -0.1937608, 2.085584
-0.2044658, 0.4771883, 2.312142, 0.1442597, 0.5121535, 2.305531, -0.3837973, 0.1871727, 2.191435, 0.3505189, 0.2249994, 2.219658, -0.2092116, 0.05217265, 2.229313, 0.188234, 0.03564136, 2.238821, -0.01240768, -0.174518, 2.147422, -0.01072665, -0.2068393, 2.080417
-0.2147827, 0.4854508, 2.311757, 0.2144324, 0.467432, 2.289585, -0.4015889, 0.1774892, 2.199046, 0.3865601, 0.1916627, 2.230285, -0.2122002, 0.04315442, 2.229251, 0.1949258, 0.02996865, 2.239182, -0.01042476, -0.1793205, 2.1454, -0.008647072, -0.2112686, 2.078418
-0.2337028, 0.4548072, 2.293491, 0.2339396, 0.4364032, 2.281629, -0.4262717, 0.1537807, 2.222056, 0.4149231, 0.1598771, 2.24, -0.217751, 0.02174609, 2.225846, 0.1937483, 0.02260754, 2.235435, -0.01125031, -0.1929481, 2.138122, -0.01115699, -0.2283502, 2.068538
-0.264323, 0.3653836, 2.27629, 0.225027, 0.3960029, 2.258343, -0.4342744, 0.03083707, 2.217957, 0.4385977, 0.1075628, 2.244992, -0.2143691, 0.009023004, 2.219893, 0.1886239, 0.01012895, 2.228834, -0.01400679, -0.2134851, 2.127273, -0.0135622, -0.2482841, 2.057662
-0.4165905, 0.2738142, 2.266137, 0.2406718, 0.340876, 2.257004, -0.4426687, -0.03007822, 2.225943, 0.4383319, 0.04440746, 2.248183, -0.2066373, -0.01431332, 2.213192, 0.1808458, -0.0003894395, 2.219306, -0.01210927, -0.2212924, 2.123965, -0.0121636, -0.2591757, 2.05262
-0.5156385, 0.2119355, 2.251254, 0.378844, 0.2747827, 2.245649, -0.4562261, -0.07985459, 2.234885, 0.4290951, -0.02437595, 2.249515, -0.2035992, -0.02573374, 2.210501, 0.1445965, -0.02226698, 2.19194, -0.01151963, -0.2385657, 2.115128, -0.01396248, -0.2804025, 2.041707
-0.4273347, 0.2338883, 2.245181, 0.3717202, 0.1959126, 2.23295, -0.4549024, -0.08710928, 2.24281, 0.4116968, -0.0988075, 2.250679, -0.1971913, -0.04608961, 2.204874, 0.1380025, -0.02487655, 2.188168, -0.01082461, -0.2485584, 2.111363, -0.01446536, -0.291455, 2.037138
-0.4751772, 0.1317568, 2.24168, 0.441958, 0.1105397, 2.241537, -0.4018988, -0.2270999, 2.246063, 0.3706052, -0.1622527, 2.247882, -0.1869173, -0.05632005, 2.197427, 0.1205209, -0.03099409, 2.179034, -0.007981383, -0.2616413, 2.105581, -0.01163966, -0.3065706, 2.030554
-0.4786839, 0.06945062, 2.240349, 0.4354411, 0.1029243, 2.217784, -0.366616, -0.2795859, 2.246111, 0.3487993, -0.1927985, 2.250527, -0.1844909, -0.05706574, 2.198723, 0.118011, -0.03266895, 2.178442, -0.007915761, -0.2642675, 2.104641, -0.01186578, -0.3088107, 2.029618
-0.5081454, 0.01349635, 2.266968, 0.4437065, 0.03513872, 2.217862, -0.3456941, -0.2853017, 2.246423, 0.3192492, -0.2277105, 2.252969, -0.176564, -0.05884301, 2.194233, 0.1170769, -0.03443808, 2.178856, -0.008487785, -0.2673117, 2.103735, -0.01182463, -0.3118794, 2.028683
-0.5203733, -0.03319198, 2.285687, 0.4679448, 0.01176542, 2.23271, -0.3341334, -0.2918121, 2.250874, 0.2905839, -0.2537638, 2.250423, -0.1725876, -0.05660376, 2.196097, 0.1140532, -0.03593225, 2.179801, -0.008409122, -0.2688777, 2.102945, -0.01176925, -0.3139319, 2.027502
-0.5099029, -0.1198403, 2.304543, 0.4825417, -0.0401505, 2.23166, -0.2847451, -0.3199519, 2.244906, 0.2886922, -0.2536714, 2.251404, -0.1711303, -0.05634722, 2.197689, 0.1114407, -0.03720234, 2.180009, -0.00784878, -0.2699655, 2.102491, -0.0114482, -0.3149175, 2.026979
-0.515878, -0.1275642, 2.313544, 0.510312, -0.08184194, 2.245235, -0.2849397, -0.3196101, 2.247523, 0.2733043, -0.2653158, 2.251927, -0.1704493, -0.05720567, 2.199528, 0.1093218, -0.03961772, 2.179872, -0.008005917, -0.2706654, 2.102129, -0.01211626, -0.3153195, 2.02656
-0.5231048, -0.1413082, 2.339122, 0.510891, -0.09030522, 2.253593, -0.2868775, -0.321999, 2.252018, 0.2681174, -0.2698902, 2.251515, -0.1734077, -0.05998107, 2.203129, 0.1086126, -0.04129517, 2.180338, -0.007758563, -0.2710519, 2.101963, -0.01247207, -0.3153231, 2.026459
-0.5309466, -0.1380643, 2.346651, 0.5131059, -0.09664308, 2.259346, -0.2864572, -0.3213106, 2.251755, 0.2661512, -0.2714662, 2.25137, -0.1721637, -0.06004004, 2.20329, 0.1074721, -0.04274054, 2.180527, -0.008237928, -0.2721242, 2.101407, -0.01298356, -0.3159723, 2.025662
-0.5439599, -0.1240527, 2.352306, 0.5128535, -0.09802355, 2.261937, -0.2870802, -0.3192509, 2.252921, 0.2656185, -0.2715587, 2.251525, -0.1700381, -0.05994473, 2.203259, 0.1061463, -0.0437348, 2.180934, -0.006878424, -0.2772951, 2.100062, -0.01110815, -0.3219088, 2.023402
-0.5541408, -0.05436735, 2.323302, 0.5248468, -0.08866359, 2.26779, -0.3297775, -0.2872343, 2.26939, 0.2798688, -0.2600829, 2.254559, -0.1678332, -0.06009763, 2.202229, 0.1057756, -0.04440942, 2.182209, -0.006584651, -0.2774833, 2.100806, -0.01044665, -0.3217348, 2.024089
-0.5509525, -0.02807894, 2.316756, 0.523066, -0.01142564, 2.26507, -0.3300435, -0.2848777, 2.266992, 0.3001449, -0.2448278, 2.252179, -0.1649787, -0.05935954, 2.202301, 0.105772, -0.04530131, 2.184701, -0.007162225, -0.2782193, 2.101325, -0.01060697, -0.3220846, 2.02445
-0.5271794, -0.03287517, 2.297281, 0.5308965, 0.05817557, 2.265431, -0.3454877, -0.2743667, 2.254212, 0.3381591, -0.2077746, 2.239539, -0.1620985, -0.05867958, 2.202654, 0.1058792, -0.04601497, 2.187772, -0.007570415, -0.2786684, 2.10193, -0.01057156, -0.3222724, 2.024815
-0.5834443, 0.02751769, 2.292191, 0.5337549, 0.1156623, 2.259944, -0.4026278, -0.2017327, 2.248503, 0.3687377, -0.156368, 2.236539, -0.1578604, -0.05820177, 2.201568, 0.1068399, -0.04560688, 2.192019, -0.008032992, -0.2791727, 2.102508, -0.0103842, -0.3223116, 2.025018
-0.5416363, 0.1144903, 2.281014, 0.5222683, 0.1475058, 2.270953, -0.4360839, -0.1630692, 2.241499, 0.41606, -0.1190916, 2.235591, -0.1777661, -0.05869027, 2.220925, 0.1351952, -0.04936612, 2.212585, -0.0114437, -0.2716408, 2.110738, -0.01416475, -0.3126774, 2.033785
-0.499189, 0.2036878, 2.280884, 0.4911515, 0.1931121, 2.2621, -0.4496984, -0.08468087, 2.241496, 0.4041721, -0.08326267, 2.230155, -0.2060885, -0.04863987, 2.237662, 0.1384775, -0.04954615, 2.212743, -0.0141539, -0.261604, 2.119471, -0.01854167, -0.3004566, 2.043583
-0.4767881, 0.3060309, 2.289269, 0.447708, 0.2992257, 2.278838, -0.4719221, 0.03029272, 2.228243, 0.4405861, 0.009603858, 2.216872, -0.2150036, -0.04326371, 2.239025, 0.1526027, -0.04317726, 2.21548, -0.0152625, -0.2500107, 2.128366, -0.020206, -0.2868214, 2.053846
-0.4024167, 0.3528671, 2.312019, 0.4128755, 0.3650436, 2.278994, -0.4605795, 0.06877977, 2.222761, 0.4359724, 0.07556414, 2.210375, -0.2241508, -0.02938849, 2.237477, 0.1857991, -0.02452525, 2.220328, -0.01628859, -0.2354608, 2.138144, -0.02070156, -0.269913, 2.065747
-0.3558483, 0.4244985, 2.323737, 0.3430755, 0.4497005, 2.29882, -0.4472786, 0.1076499, 2.212289, 0.4074354, 0.1729238, 2.198157, -0.2287776, 0.004184823, 2.235643, 0.1925843, -0.004937448, 2.223507, -0.01599573, -0.2234686, 2.145298, -0.01806323, -0.2554712, 2.074776
-0.304607, 0.4623311, 2.345161, 0.3186751, 0.4746419, 2.294984, -0.4063879, 0.1827478, 2.211043, 0.3753336, 0.1992174, 2.193606, -0.2374437, 0.04615264, 2.240642, 0.1899101, 0.01116554, 2.221511, -0.01802874, -0.2080901, 2.150437, -0.01780516, -0.2378984, 2.081909
-0.2405184, 0.5218012, 2.374125, 0.283001, 0.5147911, 2.28301, -0.3575444, 0.2801751, 2.228172, 0.3362564, 0.2357162, 2.191058, -0.2307879, 0.05639323, 2.238662, 0.1843567, 0.03490311, 2.224542, -0.01651932, -0.1968781, 2.152188, -0.01623293, -0.2263687, 2.084362
-0.1636102, 0.5999399, 2.387915, 0.1681504, 0.5702195, 2.343776, -0.3022293, 0.285282, 2.219508, 0.3172951, 0.29179, 2.190282, -0.2040833, 0.09159039, 2.240268, 0.1818549, 0.04817281, 2.230046, -0.01697331, -0.1797221, 2.15321, -0.01254875, -0.2040556, 2.086119
-0.1774824, 0.5500849, 2.346496, 0.1527927, 0.5859682, 2.351579, -0.2947219, 0.3046615, 2.207242, 0.2940577, 0.3007146, 2.191994, -0.1966359, 0.1120483, 2.251595, 0.1795388, 0.09072677, 2.252339, -0.005306605, -0.1369036, 2.162457, -0.003597295, -0.1544657, 2.098655
-0.1661395, 0.5558488, 2.335495, 0.1561283, 0.6207685, 2.354953, -0.2822891, 0.3042249, 2.204336, 0.268264, 0.3186228, 2.200176, -0.1996614, 0.1047134, 2.248591, 0.1808835, 0.08796513, 2.253121, 0.002757523, -0.1264204, 2.168617, -0.0004048706, -0.146583, 2.103262
-0.07544477, 0.60799, 2.325489, 0.1518006, 0.638546, 2.352982, -0.2529351, 0.3389237, 2.200228, 0.2470499, 0.3272195, 2.206754, -0.1970009, 0.08443768, 2.244899, 0.1821767, 0.08654763, 2.253021, 0.01375398, -0.1158025, 2.173661, 0.004135717, -0.1432931, 2.105324
-0.06261642, 0.6091745, 2.32152, 0.132484, 0.646368, 2.338057, -0.2467094, 0.3410117, 2.200766, 0.2318509, 0.3339475, 2.207062, -0.1824806, 0.09883777, 2.247587, 0.1844405, 0.08568496, 2.250732, 0.01482535, -0.1130531, 2.175686, 0.005384724, -0.141874, 2.107083
0.00976593, 0.6842116, 2.361969, 0.1238043, 0.6636218, 2.343023, -0.1027331, 0.3317732, 2.281498, 0.2216445, 0.3509738, 2.211304, -0.182578, 0.09724329, 2.247219, 0.1851534, 0.08365503, 2.249018, 0.01573693, -0.1126332, 2.175991, 0.006011018, -0.1418662, 2.10752
0.02900754, 0.719574, 2.367607, 0.09468198, 0.6855637, 2.355808, -0.2328201, 0.3856601, 2.220407, 0.2251135, 0.342767, 2.21144, -0.1841847, 0.1024218, 2.246768, 0.1905059, 0.08018412, 2.253023, 0.01810748, -0.1107203, 2.178711, 0.01129182, -0.1388797, 2.111326
-0.1034606, 0.664853, 2.368384, 0.0640633, 0.728124, 2.37719, -0.2521617, 0.372766, 2.21896, 0.2424813, 0.2882717, 2.20983, -0.1826531, 0.1074899, 2.247538, 0.1893268, 0.07619666, 2.254875, 0.01796838, -0.108794, 2.179257, 0.01166292, -0.139664, 2.110762
-0.1011834, 0.6687077, 2.370317, 0.1373883, 0.6121757, 2.330471, -0.2777984, 0.3670009, 2.21849, 0.2779321, 0.3059559, 2.214581, -0.1816175, 0.1195167, 2.252886, 0.1804758, 0.07873853, 2.260891, -0.02178312, -0.145498, 2.163221, -0.009342354, -0.1639517, 2.10039
-0.1431639, 0.602319, 2.344505, 0.09788506, 0.5680779, 2.319964, -0.2951505, 0.2802722, 2.215428, 0.2939193, 0.2969825, 2.212976, -0.2022429, 0.08104156, 2.250909, 0.1792365, 0.076058, 2.258479, -0.01715719, -0.157066, 2.159447, -0.009585188, -0.1862779, 2.091973
-0.1349141, 0.6075904, 2.345538, 0.1106847, 0.5222869, 2.329458, -0.253242, 0.2762908, 2.246093, 0.3188509, 0.2838012, 2.212668, -0.2064408, 0.06200787, 2.249573, 0.1803237, 0.05790362, 2.250945, -0.01253198, -0.1731837, 2.155463, -0.008361908, -0.2013091, 2.088518
-0.1882083, 0.5398957, 2.323825, 0.1418035, 0.5653133, 2.318837, -0.3820495, 0.1911363, 2.199698, 0.3423294, 0.2309214, 2.216296, -0.2040889, 0.04917118, 2.241002, 0.1805956, 0.03821296, 2.23901, -0.01140895, -0.1956079, 2.142464, -0.009297686, -0.2305997, 2.071946
-0.2920055, 0.4143907, 2.285085, 0.2154962, 0.4758776, 2.288466, -0.4123854, 0.1494555, 2.203054, 0.3856995, 0.184161, 2.214196, -0.2066109, 0.03563695, 2.236436, 0.1851957, 0.02356311, 2.233105, -0.007660768, -0.1984009, 2.140476, -0.006284976, -0.2328715, 2.070506
-0.3603665, 0.3444852, 2.265841, 0.2362695, 0.4293493, 2.275518, -0.4221551, 0.05778466, 2.20824, 0.4111589, 0.1411524, 2.218929, -0.2109233, 0.0126868, 2.22708, 0.1867361, 0.01824554, 2.230788, -0.007058467, -0.205924, 2.136699, -0.006213639, -0.239389, 2.067054
-0.3710781, 0.3230388, 2.263634, 0.3047966, 0.3519222, 2.249949, -0.4320777, 0.02844742, 2.213747, 0.4298181, 0.06926204, 2.215724, -0.2050264, -0.003977132, 2.21792, 0.1858616, 0.007269078, 2.224838, -0.006670423, -0.215447, 2.131687, -0.006015194, -0.2528358, 2.0598
-0.3490362, 0.3613301, 2.239792, 0.3249405, 0.3128626, 2.24061, -0.4534379, 0.02544357, 2.227685, 0.4356782, 0.03412617, 2.220087, -0.2017974, -0.01959112, 2.214222, 0.1702691, -0.01283666, 2.206146, -0.007862074, -0.2302271, 2.122725, -0.009525985, -0.2707088, 2.0491
-0.4193463, 0.254781, 2.211063, 0.3646424, 0.2493133, 2.219949, -0.4557859, -0.1057521, 2.23207, 0.4321283, -0.04072466, 2.226905, -0.1978949, -0.03516483, 2.209026, 0.1670757, -0.01827601, 2.2006, -0.007803727, -0.2396829, 2.118774, -0.01011387, -0.2804786, 2.045051
-0.4573899, 0.1671059, 2.197992, 0.3575507, 0.18225, 2.198731, -0.428531, -0.1860708, 2.239462, 0.4046725, -0.1136501, 2.2297, -0.1942275, -0.04394405, 2.208066, 0.1335185, -0.03207063, 2.180221, -0.007804172, -0.2544242, 2.111989, -0.01286061, -0.2977049, 2.037133
-0.4906084, 0.1111574, 2.195232, 0.438092, 0.109878, 2.181666, -0.4071024, -0.2363876, 2.248121, 0.3629127, -0.1790307, 2.241039, -0.1873153, -0.05543134, 2.203281, 0.1233749, -0.03503264, 2.176342, -0.00562757, -0.2636544, 2.107347, -0.01060241, -0.3081664, 2.031564
-0.5166525, 0.02796278, 2.219326, 0.4251569, 0.09716294, 2.157198, -0.3578949, -0.2819056, 2.252808, 0.3297781, -0.2170952, 2.24679, -0.1838618, -0.05783625, 2.203328, 0.1197126, -0.03553525, 2.17741, -0.005766079, -0.2669444, 2.106577, -0.01079163, -0.3116738, 2.030827
-0.5308626, -0.0167124, 2.215219, 0.4498242, 0.01924398, 2.165884, -0.3419929, -0.2775969, 2.254478, 0.2973409, -0.2458721, 2.248621, -0.1671629, -0.05789544, 2.195921, 0.1163286, -0.03608971, 2.178662, -0.007849545, -0.2725885, 2.106292, -0.01197581, -0.3186625, 2.030157
-0.5464397, -0.08441981, 2.239085, 0.4664261, -0.00804209, 2.171144, -0.3208076, -0.2891492, 2.261099, 0.2790144, -0.2587009, 2.248827, -0.1660459, -0.05738506, 2.196466, 0.1127652, -0.03728149, 2.178839, -0.008479491, -0.2747954, 2.105574, -0.01266182, -0.320965, 2.029345
-0.524956, -0.1298136, 2.238939, 0.4993714, -0.07645895, 2.190536, -0.2798797, -0.3122643, 2.260891, 0.2686579, -0.265998, 2.247267, -0.1660023, -0.05816068, 2.196609, 0.1092758, -0.03964365, 2.178149, -0.009683521, -0.2774701, 2.104646, -0.01403075, -0.3237731, 2.028226
-0.5342851, -0.1550071, 2.256921, 0.4692237, -0.105877, 2.200069, -0.279649, -0.312696, 2.261349, 0.264115, -0.2690727, 2.246131, -0.166112, -0.05887969, 2.197092, 0.107287, -0.04109467, 2.177846, -0.009686799, -0.2779953, 2.104427, -0.01412267, -0.3240326, 2.028012
-0.5414813, -0.1631676, 2.260518, 0.4709911, -0.1087056, 2.200581, -0.2791075, -0.3117197, 2.263043, 0.2617671, -0.2701972, 2.246338, -0.1646668, -0.05881453, 2.19862, 0.105142, -0.04291609, 2.177235, -0.01020726, -0.2793337, 2.104074, -0.01488719, -0.3252327, 2.027498
-0.5441396, -0.1670887, 2.259907, 0.5044568, -0.09748738, 2.198518, -0.2794549, -0.3117011, 2.263215, 0.2598833, -0.2707985, 2.247888, -0.1646607, -0.05906266, 2.199643, 0.1047509, -0.04339348, 2.177732, -0.01008115, -0.2802122, 2.10446, -0.01489563, -0.3258551, 2.02779
-0.5758613, -0.128201, 2.251141, 0.5135502, -0.09446436, 2.197441, -0.285225, -0.3094184, 2.259739, 0.2699634, -0.2647152, 2.248507, -0.1632385, -0.05888142, 2.200439, 0.1046527, -0.04417767, 2.179859, -0.01036308, -0.281488, 2.105322, -0.0149657, -0.3270656, 2.028475
-0.5662162, -0.1056518, 2.246045, 0.5269107, -0.04072971, 2.197715, -0.3277308, -0.2831222, 2.256072, 0.3048169, -0.2383571, 2.242962, -0.1613979, -0.05820153, 2.201397, 0.1049891, -0.04505593, 2.182556, -0.01071781, -0.2826214, 2.106711, -0.01485736, -0.3284352, 2.029789
-0.5739957, -0.02629201, 2.235202, 0.5653301, -0.0420818, 2.204855, -0.3371934, -0.2757525, 2.251452, 0.3362005, -0.2074544, 2.239978, -0.1599269, -0.05780368, 2.201998, 0.1074785, -0.04597435, 2.187062, -0.01159981, -0.2839306, 2.10867, -0.0151992, -0.3294116, 2.031424
-0.5591349, -0.01653304, 2.231627, 0.594927, -0.0122086, 2.218995, -0.3739775, -0.2559282, 2.247697, 0.3659187, -0.1653469, 2.232465, -0.1670609, -0.06266864, 2.208469, 0.1100473, -0.04573822, 2.19034, -0.01089699, -0.2835197, 2.11031, -0.01544836, -0.3286704, 2.033251
-0.5486108, 0.1561278, 2.227476, 0.5340841, 0.1592165, 2.218346, -0.4290401, -0.1823466, 2.234176, 0.4004723, -0.1268938, 2.232546, -0.1772377, -0.06094618, 2.217712, 0.1274783, -0.04100991, 2.205413, -0.01270801, -0.2775635, 2.115583, -0.01688241, -0.3202775, 2.039408
-0.5498676, 0.116912, 2.214071, 0.51283, 0.2117473, 2.227469, -0.4286295, -0.1455759, 2.2317, 0.4151797, -0.08125552, 2.23184, -0.2090647, -0.0523099, 2.239718, 0.1406126, -0.04010568, 2.212351, -0.01190486, -0.2651987, 2.12318, -0.01752563, -0.304491, 2.048396
-0.5382211, 0.2114905, 2.204308, 0.4866454, 0.2992635, 2.236057, -0.4515225, -0.05072773, 2.217607, 0.4544444, 0.002352853, 2.223352, -0.2165656, -0.04950222, 2.240642, 0.1746282, -0.03606828, 2.218283, -0.01070705, -0.2484916, 2.134106, -0.01553276, -0.2847277, 2.060621
-0.4960925, 0.3361721, 2.225763, 0.4443365, 0.3639044, 2.238115, -0.4745946, 0.05777371, 2.199511, 0.4496816, 0.06227923, 2.216614, -0.2175037, -0.04510762, 2.237426, 0.1808812, -0.0290469, 2.21929, -0.009276942, -0.2437461, 2.136868, -0.01408268, -0.2802509, 2.063555
-0.4201017, 0.3734802, 2.244342, 0.326289, 0.5151649, 2.273842, -0.446098, 0.09447372, 2.1905, 0.4520045, 0.1654619, 2.212987, -0.2265979, -0.02138077, 2.23152, 0.2041919, 0.01124827, 2.232025, -0.007791016, -0.2286417, 2.144745, -0.01100652, -0.2627658, 2.073659
-0.3356212, 0.4334384, 2.270908, 0.2813596, 0.5313716, 2.265433, -0.405211, 0.1475465, 2.190559, 0.4165489, 0.2153061, 2.211395, -0.2249027, 0.005942215, 2.2266, 0.2036788, 0.01536206, 2.230874, -0.007965695, -0.2198039, 2.147709, -0.009139789, -0.2550727, 2.076716
-0.2459577, 0.5139342, 2.295089, 0.2320006, 0.5612322, 2.268726, -0.3779601, 0.1991314, 2.185963, 0.3942364, 0.248845, 2.20736, -0.2184119, 0.0292425, 2.224879, 0.1960006, 0.0341734, 2.227654, -0.003510288, -0.2049561, 2.153134, -0.002931725, -0.2390928, 2.083543
-0.2525192, 0.4680765, 2.283264, 0.1653263, 0.5630317, 2.278905, -0.3335245, 0.2205828, 2.180644, 0.3551154, 0.2773333, 2.196171, -0.2167048, 0.03977794, 2.224544, 0.1901493, 0.04641463, 2.227245, -0.003618927, -0.1952088, 2.155604, -0.003106606, -0.2285304, 2.086582
-0.1637937, 0.5887718, 2.311366, 0.1785979, 0.5350821, 2.247747, -0.3185543, 0.2377175, 2.176865, 0.3420078, 0.286289, 2.191252, -0.2069886, 0.05417354, 2.224499, 0.1943195, 0.0693759, 2.240222, -0.002432543, -0.1776619, 2.15715, -0.001118237, -0.210438, 2.088629
-0.0891617, 0.6519112, 2.319807, 0.111783, 0.5723112, 2.288285, -0.280548, 0.2792056, 2.176514, 0.3091791, 0.3039004, 2.176069, -0.2003314, 0.07451782, 2.231138, 0.1902793, 0.07274739, 2.240017, -0.003867686, -0.1701306, 2.156138, -0.001795595, -0.201077, 2.087689
-0.1166965, 0.6097164, 2.303454, 0.1073014, 0.5859883, 2.284197, -0.272461, 0.2862434, 2.178217, 0.2880484, 0.3017138, 2.171656, -0.1970594, 0.08268541, 2.23356, 0.186244, 0.08216374, 2.243264, -0.005887101, -0.1646383, 2.156153, -0.003128303, -0.1922024, 2.088495
-0.08336902, 0.6225203, 2.307448, 0.1326143, 0.5968196, 2.287234, -0.2003349, 0.304512, 2.218923, 0.2773882, 0.2986366, 2.168782, -0.1923542, 0.08270101, 2.234293, 0.1860144, 0.0833795, 2.244331, -0.00233107, -0.1568023, 2.158967, 0.0003088163, -0.1828382, 2.091865
-0.1105797, 0.6179931, 2.300016, 0.1077024, 0.6060005, 2.266603, -0.2587405, 0.2903723, 2.176632, 0.262513, 0.2989559, 2.17012, -0.1906101, 0.08863429, 2.235163, 0.1839087, 0.08831637, 2.245192, 0.005260515, -0.1459302, 2.164994, 0.009372619, -0.1671282, 2.100249
-0.1044827, 0.6195459, 2.296981, 0.1032569, 0.6088856, 2.256691, -0.2594373, 0.2943439, 2.175272, 0.2574501, 0.2980421, 2.171199, -0.182655, 0.09662148, 2.237661, 0.1858755, 0.09346204, 2.245885, 0.002580361, -0.1426898, 2.166176, 0.007917535, -0.1658468, 2.100627
-0.1058417, 0.614107, 2.289441, 0.09859066, 0.6152649, 2.25568, -0.2572851, 0.2852137, 2.176425, 0.2627515, 0.3086584, 2.174267, -0.1851424, 0.08460607, 2.235848, 0.1852202, 0.09176825, 2.246008, 0.002954578, -0.1428754, 2.166208, 0.007811382, -0.1659436, 2.100672
-0.08984223, 0.6154544, 2.290732, 0.1018692, 0.6143334, 2.256685, -0.2033143, 0.2952007, 2.211704, 0.2679679, 0.3098676, 2.174743, -0.1804903, 0.06456596, 2.230219, 0.1848541, 0.09066267, 2.246384, 0.005234499, -0.1509648, 2.162524, 0.00910746, -0.1790556, 2.094837
-0.1549891, 0.5809861, 2.265368, 0.1029483, 0.6011849, 2.255309, -0.3064316, 0.2455476, 2.173604, 0.2832459, 0.303729, 2.173287, -0.1949679, 0.05330427, 2.231071, 0.1752253, 0.06808097, 2.235101, 0.003085812, -0.1605861, 2.158828, 0.004504621, -0.192752, 2.089277
-0.1990348, 0.5373583, 2.249461, 0.09230472, 0.5502872, 2.234809, -0.3369172, 0.2321045, 2.176786, 0.3171706, 0.2871529, 2.172765, -0.2010339, 0.04388912, 2.232472, 0.1753736, 0.06076729, 2.233667, 0.003679028, -0.181607, 2.150477, 0.004124642, -0.2186432, 2.079266
-0.2523403, 0.4617862, 2.239976, 0.1304844, 0.5546622, 2.233436, -0.3866257, 0.1731202, 2.169013, 0.3371668, 0.24144, 2.177058, -0.2019442, 0.03937862, 2.231884, 0.1766463, 0.05222177, 2.230469, 0.004308796, -0.1890763, 2.147401, 0.004568233, -0.2256377, 2.076032
-0.289573, 0.438929, 2.233892, 0.2084584, 0.4944192, 2.214159, -0.4120645, 0.1064538, 2.166269, 0.3652118, 0.2160086, 2.181027, -0.2047756, 0.02620132, 2.228993, 0.1814042, 0.02795722, 2.222496, 0.005878147, -0.1981984, 2.144574, 0.005457883, -0.2346672, 2.072875
-0.3703124, 0.3483034, 2.226069, 0.2357947, 0.4280057, 2.185986, -0.4391859, 0.0583191, 2.177534, 0.4049646, 0.1603966, 2.184021, -0.2111609, 0.001599791, 2.228238, 0.1817515, 0.02584236, 2.22199, 0.004357146, -0.207053, 2.14164, 0.001872854, -0.2438057, 2.069701
-0.3367108, 0.4054651, 2.229105, 0.2907665, 0.4103312, 2.192441, -0.4540182, 0.04198977, 2.186019, 0.4348124, 0.1094671, 2.191217, -0.2148634, -0.01304017, 2.226563, 0.1773138, 0.0108039, 2.213007, -0.002413115, -0.2192492, 2.136167, -0.00584614, -0.2567855, 2.064102
-0.3857037, 0.3588346, 2.218118, 0.2901195, 0.3681807, 2.160135, -0.46466, 0.03059654, 2.198813, 0.4477773, 0.04045239, 2.200794, -0.2145447, -0.02564891, 2.226179, 0.1735906, -0.00253698, 2.207331, -0.005154024, -0.2254454, 2.133762, -0.01062906, -0.2649682, 2.060965
-0.4316992, 0.2943043, 2.205683, 0.3268994, 0.3126849, 2.144606, -0.4713126, 0.002112618, 2.222566, 0.4516426, -0.02047197, 2.209913, -0.2125848, -0.03574886, 2.226701, 0.164736, -0.01413237, 2.202972, -0.01038702, -0.23475, 2.129996, -0.0162616, -0.2764681, 2.056547
-0.4711891, 0.267344, 2.180094, 0.3675315, 0.2685911, 2.140124, -0.4866033, -0.01695892, 2.221915, 0.4332309, -0.09274431, 2.216691, -0.2088514, -0.04266774, 2.227761, 0.15413, -0.02319893, 2.197222, -0.01238571, -0.2435232, 2.127207, -0.01906295, -0.2851579, 2.053808
-0.5039165, 0.1223253, 2.175935, 0.4280051, 0.1643184, 2.119768, -0.3909889, -0.239854, 2.228278, 0.4061044, -0.1417181, 2.224261, -0.1937093, -0.05100125, 2.223303, 0.1427389, -0.03208851, 2.190043, -0.01426255, -0.2566667, 2.121438, -0.02125916, -0.3004969, 2.046957
-0.5267837, 0.02060279, 2.183418, 0.4775964, 0.1064005, 2.124756, -0.360624, -0.276315, 2.234325, 0.3720862, -0.1942532, 2.23303, -0.1835531, -0.056499, 2.216762, 0.1364955, -0.0379561, 2.185833, -0.01339266, -0.2644167, 2.118296, -0.01957694, -0.3094742, 2.043126
-0.5386254, -0.03026634, 2.190709, 0.4966356, 0.03483308, 2.123151, -0.3423895, -0.2914799, 2.241521, 0.343366, -0.2251737, 2.234774, -0.18303, -0.05715032, 2.217022, 0.1302409, -0.04101514, 2.184191, -0.01271925, -0.2669597, 2.117435, -0.01871995, -0.3123516, 2.042189
-0.5467666, -0.1011786, 2.207911, 0.5051376, -0.03104229, 2.141687, -0.3197984, -0.3084012, 2.248635, 0.3178496, -0.2474599, 2.241608, -0.1903439, -0.06273526, 2.221797, 0.1268634, -0.0423611, 2.184209, -0.01121588, -0.2673769, 2.116946, -0.01785131, -0.3125053, 2.041748
-0.5315914, -0.1586293, 2.222213, 0.5069802, -0.09751362, 2.15791, -0.2786853, -0.3304032, 2.254816, 0.2749135, -0.2749336, 2.24632, -0.1898759, -0.06256919, 2.22149, 0.1207497, -0.04307877, 2.183548, -0.01057773, -0.2685302, 2.115365, -0.01698988, -0.3133721, 2.039891
-0.5391464, -0.1688043, 2.229005, 0.5018711, -0.1174107, 2.167963, -0.2762673, -0.3296386, 2.255751, 0.2716734, -0.2746516, 2.244979, -0.179716, -0.06506957, 2.2122, 0.1160758, -0.04381517, 2.182742, -0.01016631, -0.272522, 2.111924, -0.01545643, -0.3177072, 2.03535
-0.5484882, -0.2065657, 2.245394, 0.5042191, -0.1392555, 2.160475, -0.2741572, -0.3293879, 2.258682, 0.2677394, -0.2755002, 2.243407, -0.1803768, -0.06609217, 2.212672, 0.11188, -0.04500937, 2.181453, -0.009267699, -0.2737885, 2.110552, -0.01468562, -0.3185368, 2.033812
-0.5474385, -0.2080027, 2.244421, 0.5028704, -0.1423298, 2.160822, -0.2725676, -0.3303952, 2.260468, 0.2658124, -0.2759411, 2.244502, -0.1780333, -0.06574684, 2.212246, 0.1109713, -0.04538444, 2.181687, -0.008446423, -0.2756017, 2.109606, -0.01364441, -0.320076, 2.03275
-0.5504447, -0.20591, 2.2436, 0.5062221, -0.1146328, 2.154372, -0.2756066, -0.3269797, 2.262933, 0.2660155, -0.2756284, 2.245101, -0.1748554, -0.06482521, 2.211395, 0.110814, -0.04544497, 2.182731, -0.008771222, -0.2770086, 2.110121, -0.0137865, -0.3214421, 2.033313
-0.5576286, -0.1356937, 2.219027, 0.5168498, -0.09155415, 2.154571, -0.3047104, -0.3072185, 2.266891, 0.2885921, -0.2590766, 2.244847, -0.1700197, -0.0622313, 2.211784, 0.1109668, -0.0455314, 2.183769, -0.008803874, -0.2787443, 2.112271, -0.01385209, -0.3238996, 2.035741
-0.5705804, -0.08639231, 2.218357, 0.5156114, -0.005480506, 2.158663, -0.3410022, -0.2806723, 2.266868, 0.3264131, -0.2277663, 2.233095, -0.1678228, -0.06155155, 2.21162, 0.1118271, -0.04585585, 2.185119, -0.009371173, -0.2806557, 2.114025, -0.01424756, -0.3260121, 2.037721
-0.5437528, -0.04689455, 2.22356, 0.565032, 0.013423, 2.174341, -0.3485564, -0.2725649, 2.258203, 0.3595673, -0.1888923, 2.222724, -0.1635783, -0.06121061, 2.209569, 0.1139542, -0.04593572, 2.18786, -0.01031135, -0.2814665, 2.115703, -0.01463529, -0.3268277, 2.03935
-0.598604, 0.03156631, 2.230993, 0.5374243, 0.1332964, 2.178262, -0.4166107, -0.1987587, 2.240386, 0.3978295, -0.166598, 2.220209, -0.16629, -0.061771, 2.212139, 0.1363674, -0.04678939, 2.205451, -0.0128049, -0.2790735, 2.118002, -0.01509143, -0.3233603, 2.041957
-0.5046207, 0.1835116, 2.227385, 0.5436278, 0.1537249, 2.180564, -0.441632, -0.168858, 2.232747, 0.4242053, -0.1005144, 2.21451, -0.1911951, -0.05159224, 2.236011, 0.158272, -0.04639782, 2.211056, -0.01154347, -0.2662897, 2.126425, -0.01621589, -0.3062707, 2.051651
-0.4595128, 0.3300222, 2.235538, 0.5320938, 0.2155955, 2.186338, -0.4564404, -0.08916254, 2.228089, 0.4305577, -0.04885964, 2.210048, -0.2109249, -0.0519072, 2.240466, 0.1670136, -0.04266763, 2.213413, -0.01041049, -0.2551323, 2.132533, -0.01605979, -0.2932565, 2.058913
-0.4327907, 0.3419132, 2.247398, 0.5126429, 0.2976441, 2.190471, -0.4542585, -0.0345122, 2.221626, 0.446048, 0.02016051, 2.2009, -0.2192521, -0.04505947, 2.240282, 0.1781161, -0.03559343, 2.214602, -0.009202538, -0.244119, 2.138449, -0.01467684, -0.2823472, 2.065199
-0.3637308, 0.4759968, 2.274168, 0.4644126, 0.3624174, 2.191932, -0.4791902, 0.07646994, 2.196803, 0.4437344, 0.07796307, 2.193631, -0.2243521, -0.0335151, 2.235326, 0.1984932, -0.0122884, 2.222631, -0.009358794, -0.2367524, 2.142472, -0.01395214, -0.2730477, 2.070556
-0.3333232, 0.4750185, 2.25297, 0.4229885, 0.4594537, 2.217271, -0.4446658, 0.1422926, 2.187088, 0.4287955, 0.1783859, 2.186516, -0.2274246, -0.0005859672, 2.227985, 0.200781, -0.002605004, 2.221571, -0.01081035, -0.2273199, 2.146259, -0.01315229, -0.2629663, 2.075402
-0.3213173, 0.4598914, 2.264444, 0.393198, 0.5013256, 2.199025, -0.3975229, 0.1744573, 2.182828, 0.3941237, 0.218475, 2.183249, -0.213051, 0.03254085, 2.223285, 0.1986005, 0.01300898, 2.218376, -0.01145771, -0.2174009, 2.150865, -0.01083416, -0.2525335, 2.08037
-0.241724, 0.5701659, 2.288935, 0.312736, 0.5515433, 2.213067, -0.3723272, 0.2302526, 2.177698, 0.365535, 0.2293311, 2.179088, -0.2068076, 0.04111648, 2.220003, 0.1886074, 0.03141727, 2.218208, -0.009414889, -0.211997, 2.151136, -0.008004311, -0.2469338, 2.080668
-0.2058244, 0.5998394, 2.285288, 0.3060617, 0.5498683, 2.210592, -0.2631943, 0.2723014, 2.20682, 0.3363943, 0.2363302, 2.171852, -0.2084801, 0.05307379, 2.220496, 0.1838853, 0.04204234, 2.219161, -0.009258656, -0.2019248, 2.150438, -0.00716585, -0.2327674, 2.081129
-0.1841491, 0.6050724, 2.270406, 0.2523729, 0.5516491, 2.20154, -0.2942438, 0.2647195, 2.158513, 0.3095273, 0.2841793, 2.164267, -0.2035955, 0.07301577, 2.220955, 0.1877944, 0.07821116, 2.239371, -0.006528974, -0.1668777, 2.155366, -0.0001418006, -0.1962584, 2.086528
-0.1509865, 0.6220323, 2.265071, 0.2141643, 0.6203963, 2.231364, -0.2652135, 0.3002972, 2.158996, 0.299233, 0.2886483, 2.16301, -0.1911323, 0.103425, 2.229719, 0.1822589, 0.08327375, 2.241243, -0.01016119, -0.1611068, 2.154801, -0.002793937, -0.1889652, 2.08637
-0.09780188, 0.6788142, 2.285825, 0.1308291, 0.6034784, 2.236642, -0.2002703, 0.3186755, 2.203631, 0.280696, 0.2880609, 2.164663, -0.1903723, 0.1022198, 2.2288, 0.1815513, 0.08294152, 2.240652, -0.005575702, -0.1478048, 2.157166, 0.001783004, -0.1712227, 2.090581
-0.08250655, 0.6779502, 2.277447, 0.1343249, 0.6085061, 2.238674, -0.1887599, 0.3189232, 2.201682, 0.2664046, 0.2858407, 2.167515, -0.1900797, 0.1026031, 2.227018, 0.1822631, 0.08276463, 2.241648, -0.007571698, -0.119095, 2.170563, 0.0008980081, -0.1458138, 2.103433
-0.05714461, 0.7214425, 2.282816, 0.12097, 0.6177415, 2.239187, -0.181635, 0.3220292, 2.199646, 0.2613897, 0.2991084, 2.166639, -0.1864583, 0.107587, 2.224203, 0.1884956, 0.1032256, 2.241202, -0.00254829, -0.1137457, 2.173604, 0.002486958, -0.143801, 2.104918
-0.103351, 0.6506612, 2.256068, 0.1147355, 0.6080533, 2.239236, -0.2247978, 0.3332539, 2.161552, 0.2566379, 0.2889494, 2.17035, -0.1854189, 0.1005216, 2.223171, 0.1848527, 0.07045732, 2.245583, -0.00332965, -0.116152, 2.172619, 0.003223809, -0.1478283, 2.103861
-0.0650841, 0.6749057, 2.267466, 0.1154906, 0.6086866, 2.240774, -0.1786361, 0.3168526, 2.196471, 0.2594169, 0.2902521, 2.173194, -0.1856399, 0.1007321, 2.22314, 0.1832871, 0.07139861, 2.247788, -0.003415773, -0.11619, 2.172595, 0.003224114, -0.1480191, 2.103863
-0.05365704, 0.6864319, 2.267865, 0.1528531, 0.5544087, 2.224114, -0.2401031, 0.3036723, 2.155318, 0.2738924, 0.2924852, 2.180005, -0.1870748, 0.1004389, 2.223642, 0.1833931, 0.07344003, 2.248549, -0.009927028, -0.1333458, 2.167787, -0.0005004404, -0.1585168, 2.10146
-0.07718506, 0.6604285, 2.26175, 0.1218324, 0.5918617, 2.270919, -0.2753031, 0.2833247, 2.155286, 0.2890689, 0.2897123, 2.183265, -0.1899382, 0.08343882, 2.223734, 0.1842986, 0.07189027, 2.247866, 0.0005640981, -0.1649287, 2.155529, 0.006083343, -0.1931244, 2.088397
-0.08046468, 0.6654487, 2.265689, 0.135197, 0.5847393, 2.265975, -0.2970846, 0.2803896, 2.162497, 0.3239588, 0.2841863, 2.191535, -0.1929673, 0.06449956, 2.219528, 0.1817748, 0.05825438, 2.237918, -0.001924883, -0.1700279, 2.154974, 0.000806177, -0.202391, 2.086845
-0.1954022, 0.5210586, 2.238179, 0.1519096, 0.5599989, 2.265776, -0.3575846, 0.2142388, 2.162786, 0.3417617, 0.2374427, 2.198425, -0.1931968, 0.0532343, 2.219261, 0.1812991, 0.04294062, 2.228591, -0.003885328, -0.1930095, 2.147301, -0.001556032, -0.2298207, 2.076688
-0.2282294, 0.4893567, 2.245709, 0.1952969, 0.5080099, 2.261456, -0.3982715, 0.1669457, 2.166255, 0.3843158, 0.2107756, 2.20453, -0.1973332, 0.04018298, 2.218732, 0.1857234, 0.02877301, 2.224551, -0.002437685, -0.1966111, 2.146056, -0.0001530389, -0.2332375, 2.07513
-0.312359, 0.4407652, 2.25539, 0.2515657, 0.4551006, 2.280704, -0.4263493, 0.08814082, 2.175014, 0.4213735, 0.1597619, 2.211725, -0.2026871, 0.02511853, 2.220604, 0.1872678, 0.02107974, 2.222137, -0.00377998, -0.2082034, 2.140687, -0.003147234, -0.2465388, 2.068375
-0.3960575, 0.3320271, 2.247982, 0.310636, 0.4255841, 2.257347, -0.4426393, 0.03828927, 2.189673, 0.4455239, 0.1031668, 2.217808, -0.19523, 0.01119469, 2.216737, 0.1843479, -0.0006395653, 2.212065, -0.005566436, -0.223607, 2.131826, -0.005408021, -0.264537, 2.058053
-0.4037066, 0.3318998, 2.257972, 0.3234774, 0.3691883, 2.232255, -0.4544786, -0.03701546, 2.207342, 0.4578126, 0.03911735, 2.225341, -0.1970345, -0.008677145, 2.215549, 0.1795783, -0.01141488, 2.206269, -0.006970569, -0.2300045, 2.128827, -0.008376347, -0.27154, 2.054787
-0.4393324, 0.2668283, 2.262539, 0.4138904, 0.2557799, 2.223314, -0.4600631, -0.08936299, 2.228918, 0.44744, -0.03763533, 2.234647, -0.1956054, -0.02940822, 2.210656, 0.1639871, -0.02042305, 2.200959, -0.007668196, -0.2424313, 2.124282, -0.01083931, -0.2853172, 2.049721
-0.4494663, 0.1793913, 2.2546, 0.4119872, 0.1989775, 2.218328, -0.4403338, -0.1774257, 2.244212, 0.4280301, -0.1024528, 2.242764, -0.19378, -0.04284157, 2.209027, 0.1562641, -0.02750736, 2.19848, -0.008876367, -0.2509543, 2.12162, -0.0130103, -0.2944911, 2.04675
-0.4962267, 0.1187619, 2.255093, 0.4880874, 0.1080507, 2.227208, -0.402571, -0.2278337, 2.264766, 0.3703069, -0.1611791, 2.245071, -0.1868151, -0.05209041, 2.205507, 0.1227361, -0.03785856, 2.180503, -0.006668263, -0.2628272, 2.116367, -0.01278364, -0.3095711, 2.040063
-0.5171152, 0.10363, 2.258314, 0.4724324, 0.1166981, 2.217082, -0.3655286, -0.2534779, 2.276633, 0.3486786, -0.1928405, 2.253037, -0.1766283, -0.05594732, 2.203135, 0.1220455, -0.03984312, 2.179886, -0.007098277, -0.272037, 2.11376, -0.01292043, -0.3182696, 2.037553
-0.5169895, 0.003112525, 2.267839, 0.4919042, 0.03020104, 2.217838, -0.3328941, -0.2679889, 2.28031, 0.2992791, -0.2446055, 2.255771, -0.1661383, -0.05493226, 2.200086, 0.1196387, -0.0400338, 2.179952, -0.007309911, -0.2770435, 2.113587, -0.01255582, -0.3246174, 2.036918
-0.5243747, -0.07451741, 2.285202, 0.4963283, -0.0238008, 2.222405, -0.3053721, -0.2842965, 2.28213, 0.2949533, -0.2471552, 2.256033, -0.1631201, -0.05552401, 2.199325, 0.116948, -0.04136367, 2.18015, -0.005287771, -0.2808225, 2.11292, -0.009701882, -0.3291741, 2.035758
-0.5043701, -0.1175452, 2.285871, 0.5265781, -0.07997698, 2.233974, -0.2667039, -0.3086448, 2.272656, 0.2873757, -0.2519232, 2.257435, -0.1616531, -0.05671258, 2.199727, 0.114417, -0.04203282, 2.181839, -0.002487237, -0.2832112, 2.111444, -0.005974526, -0.3317209, 2.033767
-0.5146344, -0.1346131, 2.287831, 0.5060983, -0.1002335, 2.230672, -0.2665163, -0.3092305, 2.272764, 0.2605086, -0.2698485, 2.254016, -0.1611158, -0.05751241, 2.200199, 0.1084848, -0.043216, 2.181462, -0.002273015, -0.2836915, 2.110475, -0.005960949, -0.3316765, 2.032513
-0.5268636, -0.1584856, 2.28389, 0.4857981, -0.1238334, 2.220664, -0.2647165, -0.309733, 2.271228, 0.2590092, -0.2709749, 2.253324, -0.1592885, -0.05761378, 2.200372, 0.1069566, -0.04444522, 2.181224, -0.003226184, -0.2853814, 2.109152, -0.007331248, -0.3330608, 2.030861
-0.5319245, -0.1676723, 2.277718, 0.485595, -0.1245403, 2.212171, -0.2640899, -0.3101738, 2.269408, 0.2576676, -0.2710438, 2.252551, -0.1581998, -0.05751545, 2.201168, 0.1050429, -0.04465261, 2.181694, -0.00317034, -0.2855896, 2.108925, -0.007392296, -0.3330558, 2.030587
-0.5304524, -0.1544531, 2.233992, 0.5028755, -0.1102393, 2.19603, -0.26804, -0.3094384, 2.265625, 0.2583792, -0.2703158, 2.251159, -0.1576354, -0.05733266, 2.201643, 0.1037538, -0.04487467, 2.181731, -0.004426917, -0.2865553, 2.108423, -0.009136272, -0.3340332, 2.029848
-0.5440313, -0.1043451, 2.216906, 0.5291547, -0.08968934, 2.186221, -0.2949717, -0.2961422, 2.256002, 0.2909959, -0.249068, 2.24181, -0.1534865, -0.05839876, 2.197188, 0.1041604, -0.04526145, 2.182438, -0.006257009, -0.2880913, 2.108506, -0.01026788, -0.3349767, 2.030021
-0.5525379, -0.06881714, 2.211295, 0.554924, -0.08063884, 2.195291, -0.3345373, -0.2711483, 2.243891, 0.3149427, -0.2295131, 2.234525, -0.1531192, -0.05803818, 2.197217, 0.1056503, -0.04527739, 2.183967, -0.00644666, -0.288936, 2.108774, -0.0100853, -0.3359276, 2.03028
-0.5355161, -0.02229531, 2.210334, 0.5321665, 0.06947878, 2.185178, -0.350258, -0.2573313, 2.236359, 0.3420209, -0.1989271, 2.225365, -0.1520172, -0.05750183, 2.196605, 0.1063729, -0.0453186, 2.184817, -0.006648762, -0.2893872, 2.108662, -0.009973718, -0.3366346, 2.02998
-0.5820282, 0.04222528, 2.214257, 0.533398, 0.1523949, 2.197761, -0.4022274, -0.1917985, 2.217475, 0.3713841, -0.1453392, 2.219727, -0.1513445, -0.05654604, 2.196578, 0.1072058, -0.04516353, 2.185724, -0.007135674, -0.2892488, 2.108427, -0.01050498, -0.3362632, 2.0296
-0.5443707, 0.1324925, 2.209722, 0.5262399, 0.1672538, 2.207153, -0.438036, -0.1429663, 2.213204, 0.4119001, -0.09192306, 2.220438, -0.2035885, -0.05236556, 2.233104, 0.1308491, -0.04204118, 2.200766, -0.00639119, -0.274071, 2.113556, -0.01263087, -0.3141679, 2.037082
-0.4701051, 0.2975032, 2.228051, 0.5002202, 0.241317, 2.221749, -0.4590071, -0.05992861, 2.208557, 0.4316576, -0.04290857, 2.220038, -0.2084846, -0.05103279, 2.233714, 0.1450042, -0.03564487, 2.208153, -0.008310284, -0.2599608, 2.12139, -0.01385978, -0.2986349, 2.046162
-0.4665079, 0.3323439, 2.230811, 0.4741385, 0.3323497, 2.23254, -0.4789816, 0.03975941, 2.194222, 0.4542575, 0.03662335, 2.215627, -0.21547, -0.04364992, 2.232012, 0.1763775, -0.03022889, 2.212246, -0.009103486, -0.2439737, 2.130308, -0.01308265, -0.2810603, 2.057073
-0.4295181, 0.377072, 2.235596, 0.3513079, 0.4054033, 2.24617, -0.4710892, 0.0803259, 2.190317, 0.4492534, 0.07126107, 2.213768, -0.2192381, -0.03165295, 2.2269, 0.1809306, -0.0243162, 2.213367, -0.009895672, -0.2380822, 2.135264, -0.01281808, -0.2752546, 2.06279
-0.3486458, 0.4198268, 2.246943, 0.314923, 0.5002015, 2.268418, -0.4475132, 0.1358826, 2.185724, 0.4380337, 0.1723917, 2.211546, -0.2223607, -0.003818234, 2.223025, 0.2010613, 0.00563066, 2.225679, -0.009269145, -0.2226356, 2.146859, -0.009507289, -0.2586152, 2.076974
-0.3240773, 0.4655149, 2.257655, 0.2964191, 0.5495047, 2.271194, -0.4060076, 0.1797059, 2.184355, 0.4035139, 0.2155656, 2.20657, -0.2174731, 0.01544077, 2.219996, 0.1978971, 0.01091676, 2.224543, -0.01019516, -0.2188342, 2.14876, -0.008991003, -0.2556172, 2.07848
-0.2883538, 0.566021, 2.278178, 0.3269488, 0.511096, 2.213027, -0.3730784, 0.2352041, 2.179751, 0.3803854, 0.2312293, 2.20052, -0.209564, 0.04138475, 2.220247, 0.1911953, 0.02900136, 2.226039, -0.00793426, -0.2090826, 2.152069, -0.005001841, -0.2442925, 2.082344
-0.2043729, 0.6526375, 2.285505, 0.3423404, 0.5210119, 2.206975, -0.3296233, 0.2610399, 2.168513, 0.3524798, 0.2363887, 2.193419, -0.2084031, 0.05365792, 2.223016, 0.1842033, 0.04382577, 2.228712, -0.007896036, -0.1961686, 2.154171, -0.004973799, -0.2305124, 2.085011
-0.1841056, 0.6574315, 2.285079, 0.2262391, 0.512912, 2.232669, -0.2531156, 0.2911414, 2.202734, 0.3248738, 0.2852244, 2.184541, -0.2069407, 0.06975167, 2.225009, 0.187334, 0.06996429, 2.244274, -0.01029448, -0.1788716, 2.15675, -0.004817118, -0.2078522, 2.088513
-0.1551366, 0.6962518, 2.289691, 0.1448199, 0.5861144, 2.273494, -0.2543116, 0.287842, 2.165416, 0.3103581, 0.2867905, 2.178187, -0.2052782, 0.08206633, 2.226723, 0.1849974, 0.07560684, 2.247111, -0.01587436, -0.1637182, 2.157511, -0.007997179, -0.1926033, 2.089391
-0.1326922, 0.6997058, 2.286473, 0.1054651, 0.6607449, 2.302423, -0.2426709, 0.3324519, 2.151855, 0.219852, 0.3072138, 2.218579, -0.2054859, 0.09016591, 2.228105, 0.1837558, 0.07470301, 2.24632, -0.009354065, -0.1519517, 2.160138, -0.0005678791, -0.1773414, 2.093317
-0.1195499, 0.6789501, 2.279839, 0.09925108, 0.6599244, 2.301433, -0.19669, 0.3515965, 2.161003, 0.2059306, 0.302824, 2.220162, -0.1989665, 0.106224, 2.227159, 0.1830434, 0.07279672, 2.247865, -0.01566331, -0.1144875, 2.17369, -0.004667544, -0.1433784, 2.10639
-0.08812152, 0.654605, 2.267822, 0.1041493, 0.6579983, 2.287223, -0.2216181, 0.3141907, 2.156168, 0.2587354, 0.2855303, 2.17994, -0.1976443, 0.1060767, 2.227303, 0.1833188, 0.07058156, 2.248226, -0.01600593, -0.1157993, 2.173245, -0.004539437, -0.1443545, 2.106045
-0.06740898, 0.6768265, 2.275119, 0.09695173, 0.6594152, 2.289478, -0.1938038, 0.3358303, 2.158133, 0.2566577, 0.2859699, 2.181718, -0.1929144, 0.1115736, 2.228231, 0.1827724, 0.07360827, 2.248883, -0.01640153, -0.1161045, 2.173525, -0.004742046, -0.1443966, 2.106359
-0.08050404, 0.6845599, 2.270975, 0.05055925, 0.5569727, 2.229023, -0.2103722, 0.3408654, 2.165283, 0.2546525, 0.289749, 2.184403, -0.1905497, 0.1135183, 2.228389, 0.1824976, 0.07289653, 2.248694, -0.01792619, -0.1204384, 2.172357, -0.007211651, -0.1487243, 2.104937
-0.07646459, 0.6593483, 2.262322, 0.05080477, 0.5888541, 2.244881, -0.2288128, 0.3206912, 2.169965, 0.256459, 0.2885635, 2.185405, -0.1936224, 0.1006, 2.233041, 0.180314, 0.07211923, 2.248662, -0.01642458, -0.1245501, 2.171499, -0.00778068, -0.1524039, 2.10384
-0.07235103, 0.6855101, 2.267306, 0.01355733, 0.6383963, 2.270033, -0.2465211, 0.2995719, 2.170134, 0.1835364, 0.3018806, 2.218854, -0.1882597, 0.09734777, 2.234939, 0.1833904, 0.07579909, 2.25108, -0.006164286, -0.145487, 2.165908, -0.002049909, -0.1667432, 2.100209
-0.1153575, 0.6011688, 2.243731, 0.1359814, 0.5909632, 2.290016, -0.2705392, 0.2890333, 2.171117, 0.2816496, 0.2886275, 2.189621, -0.1947824, 0.08883426, 2.235113, 0.1808483, 0.07177866, 2.247652, -0.00616579, -0.1563814, 2.16206, -0.002054054, -0.1850576, 2.09378
-0.1479502, 0.5753528, 2.244408, 0.1149545, 0.5616862, 2.279403, -0.3161585, 0.2695259, 2.172765, 0.3157004, 0.2850226, 2.193887, -0.2105201, 0.06803326, 2.234461, 0.1731288, 0.05599379, 2.237332, -0.01075113, -0.1703908, 2.160361, -0.00804085, -0.2024409, 2.091779
-0.2051878, 0.5424355, 2.246262, 0.1399265, 0.5109016, 2.268893, -0.3545219, 0.2271652, 2.182155, 0.3404156, 0.2311137, 2.198334, -0.2072081, 0.05106242, 2.231541, 0.1764833, 0.04469171, 2.234181, -0.0133924, -0.183259, 2.156144, -0.01105468, -0.2177026, 2.087013
-0.2814284, 0.4658844, 2.257914, 0.1945751, 0.5204133, 2.266388, -0.3989829, 0.1698463, 2.17851, 0.3630506, 0.2134102, 2.201555, -0.2091975, 0.03745312, 2.231003, 0.1818512, 0.02532055, 2.228683, -0.01137625, -0.1957133, 2.151542, -0.009566979, -0.2310875, 2.082039
-0.2790532, 0.4875112, 2.258121, 0.2501279, 0.4435554, 2.240875, -0.4152254, 0.166319, 2.190093, 0.418268, 0.1593757, 2.206894, -0.2130558, 0.01700251, 2.229911, 0.1824231, 0.01220469, 2.221795, -0.008472429, -0.2059703, 2.146832, -0.007954935, -0.2443629, 2.075744
-0.3726372, 0.3328747, 2.252332, 0.2772032, 0.4502521, 2.244923, -0.4469637, 0.04787497, 2.196178, 0.4363961, 0.1037742, 2.216612, -0.2136925, -0.002057111, 2.227241, 0.185986, 0.005653168, 2.222507, -0.008455001, -0.2118331, 2.143527, -0.008683008, -0.2505703, 2.072196
-0.4252435, 0.2950613, 2.264461, 0.3113225, 0.37282, 2.220294, -0.4477954, -0.001803142, 2.217623, 0.4514933, 0.04473513, 2.225565, -0.2108409, -0.0144521, 2.224845, 0.1778743, -0.01186413, 2.209836, -0.00747179, -0.2243877, 2.136411, -0.00968874, -0.2657143, 2.063637
-0.3992183, 0.2840549, 2.252786, 0.3867444, 0.282201, 2.202985, -0.4647686, -0.06679488, 2.230938, 0.4458666, -0.008473114, 2.236995, -0.2089383, -0.02315645, 2.221727, 0.162787, -0.01879856, 2.203191, -0.01047962, -0.2402305, 2.12812, -0.01390954, -0.282903, 2.054481
-0.4393562, 0.1953211, 2.251608, 0.3895723, 0.2121955, 2.193067, -0.4483909, -0.1640779, 2.242357, 0.4215847, -0.07771234, 2.240861, -0.1951847, -0.03404376, 2.213659, 0.1463192, -0.02241557, 2.194932, -0.01144627, -0.2498252, 2.124781, -0.01609298, -0.2937328, 2.050743
-0.4735444, 0.1605642, 2.236704, 0.4076195, 0.1981708, 2.179541, -0.3967582, -0.2008419, 2.259259, 0.371456, -0.1585772, 2.246336, -0.1705357, -0.04086531, 2.200485, 0.1276385, -0.02748518, 2.186761, -0.01069893, -0.2666057, 2.118459, -0.01464814, -0.3143917, 2.04238
-0.4920715, 0.09246726, 2.229033, 0.452402, 0.1132292, 2.175495, -0.3628449, -0.2399638, 2.269396, 0.352295, -0.1893347, 2.250642, -0.1697279, -0.04645128, 2.199853, 0.1272966, -0.03070479, 2.18672, -0.009010878, -0.2694676, 2.117226, -0.01294604, -0.3167324, 2.041454
-0.5050941, 0.0005061999, 2.235421, 0.473461, 0.02222347, 2.178593, -0.3379874, -0.2627672, 2.276685, 0.2998856, -0.2429412, 2.25115, -0.1698057, -0.04924722, 2.20315, 0.122959, -0.03265265, 2.186238, -0.008063153, -0.271846, 2.116743, -0.01260219, -0.3189242, 2.041056
-0.5250771, -0.04434467, 2.227551, 0.4968684, -0.03685351, 2.189625, -0.3025817, -0.2882459, 2.275143, 0.291019, -0.2509033, 2.250269, -0.1678196, -0.05212716, 2.202067, 0.120229, -0.03552707, 2.185832, -0.007280914, -0.2741026, 2.115381, -0.01153426, -0.3209357, 2.039357
-0.5306317, -0.1137461, 2.24379, 0.4985222, -0.07976919, 2.18789, -0.2884142, -0.2981381, 2.271035, 0.273381, -0.2658118, 2.251081, -0.1669784, -0.05333936, 2.202346, 0.1187013, -0.03939364, 2.185157, -0.006947558, -0.2757272, 2.114878, -0.01116773, -0.3216428, 2.03902
-0.5239233, -0.1213827, 2.244216, 0.4963145, -0.08279037, 2.188135, -0.2797193, -0.3023527, 2.266267, 0.2707622, -0.2687457, 2.250629, -0.1630431, -0.0535103, 2.202782, 0.1173816, -0.04135077, 2.18548, -0.007023325, -0.2771779, 2.114624, -0.011231, -0.322949, 2.038595
-0.5118237, -0.1178982, 2.232146, 0.5017587, -0.07954925, 2.189015, -0.277325, -0.3042024, 2.261171, 0.2767921, -0.2662588, 2.249516, -0.1614133, -0.05316186, 2.203421, 0.1169954, -0.04214767, 2.187726, -0.006203822, -0.2782924, 2.115386, -0.01012708, -0.3238174, 2.039234
-0.5222943, -0.08560789, 2.219609, 0.5046755, 0.001363648, 2.192082, -0.3011776, -0.2905174, 2.246972, 0.2985316, -0.2590002, 2.249116, -0.1536758, -0.05378273, 2.19794, 0.1237174, -0.04502667, 2.190982, -0.007797534, -0.279981, 2.116285, -0.01040558, -0.3260451, 2.040054
-0.5221272, -0.03368352, 2.212293, 0.5083414, 0.0426858, 2.18898, -0.3146706, -0.2819016, 2.233285, 0.3484969, -0.2201001, 2.239231, -0.150047, -0.05364661, 2.194559, 0.1288975, -0.04727402, 2.192485, -0.008806535, -0.2814465, 2.11733, -0.01046473, -0.327139, 2.041059
-0.5233654, 0.02944692, 2.208518, 0.513956, 0.1205105, 2.201167, -0.3500766, -0.2527341, 2.203948, 0.3866411, -0.1860651, 2.236339, -0.1457509, -0.05253243, 2.191151, 0.140407, -0.05032649, 2.197079, -0.01044393, -0.281688, 2.117312, -0.01052374, -0.3272098, 2.041043
-0.5174131, 0.1245291, 2.204047, 0.5158951, 0.1485817, 2.2132, -0.3903955, -0.2021625, 2.179586, 0.41621, -0.1569663, 2.228979, -0.1438811, -0.05221369, 2.189317, 0.1545366, -0.04979945, 2.205566, -0.01202403, -0.2814225, 2.117192, -0.01074787, -0.3265811, 2.040873
-0.4985636, 0.2038474, 2.202476, 0.5353672, 0.1818496, 2.213234, -0.4251885, -0.1620933, 2.160725, 0.4268956, -0.09429679, 2.223196, -0.1810897, -0.05648738, 2.204359, 0.1645752, -0.04741006, 2.210592, -0.009055291, -0.2757469, 2.118138, -0.009959764, -0.3164139, 2.042657
-0.4787969, 0.2074973, 2.186968, 0.5087193, 0.2417621, 2.222076, -0.445187, -0.08916917, 2.157549, 0.4379417, -0.04326978, 2.215585, -0.1908772, -0.05107354, 2.211392, 0.1741187, -0.04287216, 2.214852, -0.007270177, -0.2585332, 2.124202, -0.008616358, -0.2972996, 2.049663
-0.4597218, 0.3233489, 2.187313, 0.4706707, 0.3362322, 2.236399, -0.460508, -0.02110558, 2.147558, 0.4550775, 0.03928488, 2.208089, -0.2051842, -0.0406314, 2.215374, 0.1977437, -0.02652158, 2.22469, -0.005091377, -0.2439411, 2.130676, -0.006276461, -0.280333, 2.057717
-0.4684131, 0.358562, 2.173929, 0.446188, 0.3696612, 2.233125, -0.4633027, 0.06045627, 2.140535, 0.443964, 0.06871557, 2.202872, -0.2106035, -0.03269119, 2.212672, 0.2017133, -0.01626812, 2.225072, -0.00479443, -0.2375431, 2.135089, -0.005608293, -0.2746537, 2.062354
-0.3982302, 0.4638317, 2.190221, 0.414327, 0.4701614, 2.243411, -0.4494016, 0.1409409, 2.136395, 0.4383516, 0.1709604, 2.195985, -0.2097386, -0.01465984, 2.209843, 0.2066301, 0.0003578388, 2.224884, -0.003930369, -0.2284825, 2.141024, -0.004200918, -0.2648562, 2.069909
-0.3601186, 0.516057, 2.192581, 0.3685556, 0.5207384, 2.253202, -0.43255, 0.1696268, 2.136107, 0.4042282, 0.2077787, 2.188377, -0.2195033, 0.01652769, 2.206912, 0.2060004, 0.01426001, 2.223112, -0.003146227, -0.2140567, 2.147263, -0.0006202641, -0.2497604, 2.077333
-0.3149851, 0.5739309, 2.196872, 0.3134505, 0.5470778, 2.245053, -0.3854806, 0.2275981, 2.145773, 0.3752614, 0.2258887, 2.182596, -0.2157062, 0.03778306, 2.207207, 0.1993109, 0.03508322, 2.2214, -0.001479474, -0.2053376, 2.150943, 0.0009027717, -0.2396359, 2.081856
-0.2638464, 0.7005098, 2.207229, 0.3204422, 0.5398402, 2.18709, -0.351148, 0.2767251, 2.139269, 0.333242, 0.241173, 2.168384, -0.2183945, 0.05648895, 2.208762, 0.1899627, 0.04786137, 2.221506, -0.0008951256, -0.1928361, 2.152729, 0.001706734, -0.2237539, 2.084014
-0.2060813, 0.6777393, 2.199671, 0.2129129, 0.6127576, 2.246354, -0.259589, 0.2999099, 2.16765, 0.3119968, 0.282468, 2.156397, -0.2078373, 0.06839988, 2.209789, 0.1915871, 0.07946412, 2.241723, -0.001867752, -0.1741448, 2.15519, 0.001963226, -0.2028331, 2.0873
-0.2011432, 0.6608352, 2.178811, 0.1680058, 0.6806834, 2.252851, -0.2839057, 0.3215818, 2.116706, 0.2976284, 0.3418291, 2.140164, -0.2105339, 0.132053, 2.210233, 0.1863505, 0.08713159, 2.245049, -0.01133362, -0.1519296, 2.1584, -0.003299882, -0.176423, 2.091737
-0.1583114, 0.6829271, 2.20077, 0.1373884, 0.6857204, 2.255979, -0.2663181, 0.3289552, 2.118477, 0.2113512, 0.3216021, 2.199951, -0.1956132, 0.1393549, 2.214209, 0.1862518, 0.08733451, 2.245082, -0.01505298, -0.140002, 2.16241, -0.002451782, -0.1565033, 2.099585
-0.1053716, 0.6578953, 2.187516, 0.1099517, 0.640109, 2.23809, -0.235515, 0.3398759, 2.122166, 0.2020436, 0.3183229, 2.200055, -0.1941248, 0.1399074, 2.211833, 0.1917671, 0.08405267, 2.246185, -0.02940312, -0.09974563, 2.173599, -0.007955037, -0.1406096, 2.104272
-0.1317471, 0.7130507, 2.183498, 0.07536435, 0.6755083, 2.24136, -0.1835129, 0.3713157, 2.13685, 0.1756029, 0.3082414, 2.202283, -0.1898184, 0.1622178, 2.206803, 0.1927429, 0.08435713, 2.246463, -0.03050427, -0.08512233, 2.175548, -0.00891789, -0.1260656, 2.107367
-0.1089946, 0.7970061, 2.219653, 0.06760097, 0.6877042, 2.230897, -0.1519172, 0.479288, 2.170263, 0.2382859, 0.3624032, 2.137079, -0.1857313, 0.2174698, 2.197045, 0.1634111, 0.1782323, 2.241502, -0.02994674, -0.08481783, 2.175838, -0.009992418, -0.1226491, 2.108885
-0.1105195, 0.7651255, 2.215209, 0.09418368, 0.6238095, 2.247847, -0.1616912, 0.4282756, 2.148249, 0.1933464, 0.3830255, 2.117125, -0.1857779, 0.2174602, 2.197245, 0.2165269, 0.196362, 2.244258, -0.02027471, -0.07365248, 2.181395, -0.006803801, -0.1120024, 2.114372
-0.1043434, 0.7618062, 2.213707, 0.06014245, 0.6753078, 2.227011, -0.1630949, 0.4282628, 2.148074, 0.2306049, 0.3477739, 2.141326, -0.1858, 0.2174692, 2.197201, 0.1533472, 0.1673918, 2.25112, -0.02011505, -0.07825175, 2.180736, -0.005890083, -0.1125831, 2.114802
-0.1100054, 0.7205306, 2.203668, -0.0004042499, 0.6954541, 2.212288, -0.1764203, 0.3863637, 2.146259, 0.1418379, 0.3707134, 2.192233, -0.187284, 0.1533395, 2.206762, 0.1571708, 0.1601638, 2.247823, -0.01020457, -0.08524726, 2.180051, -0.002637428, -0.1197498, 2.112744
